
<core:FragmentDefinition
  xmlns="sap.m"
 xmlns:l="sap.ui.layout"
  xmlns:f="sap.ui.layout.form"
  xmlns:core="sap.ui.core">
      <Panel>

        <headerToolbar>
      <Toolbar height="3rem">
      <Title level="H6" text="{i18n>Pcard_Title_Text4}" />

      </Toolbar>
    </headerToolbar>
      </Panel>



<Table width="100%" noDataText="{i18n>No data}" mode="SingleSelectLeft" showSeparators="All" growing="true" growingThreshold="20" growingScrollToLoad="true" items="{oApproverModel>/}">
                                <infoToolbar>
                                    <Toolbar width="100%" height="auto" design="Auto" visible="false" enabled="true">
                                        <content>
                                            <Label text="{i18n>Label}" design="Standard" width="100%" required="false" textAlign="Begin" textDirection="Inherit"/>
                                        </content>
                                    </Toolbar>
                                </infoToolbar>
                                <headerToolbar>
                                    <Toolbar width="auto" height="46px" design="Transparent" visible="true" enabled="true">
                                        <content>
                                            <Title text="{i18n>Approvers}" titleStyle="Auto" width="auto" textAlign="Begin" visible="true"/>
                                            <ToolbarSpacer width=""/>
                                            <Text text="Type" width="auto" maxLines="1" wrapping="false" textAlign="Begin" textDirection="Inherit"/>
                                            <ComboBox value="{i18n>Approver}" editable="true" enabled="true" visible="true" width="auto" valueState="None" maxWidth="100%">
                                                <items>
                                                    <core:Item text="{i18n>Watcher}" enabled="true"/>
                                                    <core:Item text="{i18n>Approver}" enabled="true"/>
                                                </items>
                                            </ComboBox>
                                            <Text text="{i18n>Position}" width="auto" maxLines="1" wrapping="false" textAlign="Begin" textDirection="Inherit"/>
                                            <ComboBox editable="true" value="Before" enabled="true" visible="true" width="auto" valueState="None" maxWidth="100%">
                                                <items>
                                                    <core:Item text="{i18n>Before}" enabled="true"/>
                                                    <core:Item text="{i18n>After}" enabled="true"/>
                                                </items>
                                            </ComboBox>
                                            <Button text="" type="Emphasized" icon="sap-icon://add" iconFirst="true" width="auto" enabled="true" visible="true" iconDensityAware="false" press="onAddApprovers"/>
                                            <Button text="" type="Reject" icon="sap-icon://delete" iconFirst="true" width="auto" enabled="true" visible="true" iconDensityAware="false" press="deleteAapprover"/>
                                        </content>
                                        <tooltip/>
                                    </Toolbar>
                                </headerToolbar>
                                <columns>
                                    <Column width="4rem" hAlign="Left" vAlign="Top" minScreenWidth="Tablet" demandPopin="true" popinDisplay="Inline" mergeDuplicates="false">

                                            <Text text="{i18n>Approved}" width="auto" maxLines="1" wrapping="false" textAlign="Begin" textDirection="Inherit"/>

                                    </Column>
                                    <Column width="13rem" hAlign="Left" vAlign="Top" minScreenWidth="Tablet" demandPopin="true" popinDisplay="Inline" mergeDuplicates="false">

                                            <Text text="{i18n>Approver}" width="auto" maxLines="1" wrapping="false" textAlign="Begin" textDirection="Inherit"/>

                                    </Column>
                                    <Column width="auto" hAlign="Left" vAlign="Top" minScreenWidth="Tablet" demandPopin="true" popinDisplay="Inline" mergeDuplicates="false">

                                            <Text text="{i18n>Reviewer_Type}" width="auto" maxLines="1" wrapping="false" textAlign="Begin" textDirection="Inherit"/>

                                    </Column>
                                    <Column width="auto" hAlign="Left" vAlign="Top" minScreenWidth="Tablet" demandPopin="true" popinDisplay="Inline" mergeDuplicates="false">

                                            <Text text="{i18n>Approved_By}" width="auto" maxLines="1" wrapping="false" textAlign="Begin" textDirection="Inherit"/>

                                    </Column>
                                    <Column width="6rem" hAlign="Left" vAlign="Top" minScreenWidth="Tablet" demandPopin="true" popinDisplay="Inline" mergeDuplicates="false">

                                            <Text text="{i18n>Approval_Date}" width="auto" maxLines="1" wrapping="false" textAlign="Begin" textDirection="Inherit"/>

                                    </Column>
                                    <Column width="auto" hAlign="Left" vAlign="Top" minScreenWidth="Tablet" demandPopin="true" popinDisplay="Inline" mergeDuplicates="false">

                                            <Text text="{i18n>Approval_Time(PST)}" width="auto" maxLines="2" wrapping="true" textAlign="Begin" textDirection="Inherit"/>

                                    </Column>
                                    <Column width="auto" hAlign="Left" vAlign="Top" minScreenWidth="Tablet" demandPopin="true" popinDisplay="Inline" mergeDuplicates="false">

                                            <Text text="{i18n>Manual_Addition}" width="auto" maxLines="1" wrapping="false" textAlign="Begin" textDirection="Inherit"/>

                                    </Column>
                                    <Column width="auto" hAlign="Left" vAlign="Top" minScreenWidth="Tablet" demandPopin="true" popinDisplay="Inline" mergeDuplicates="false">

                                            <Text text="{i18n>Added By}" width="auto" maxLines="1" wrapping="false" textAlign="Begin" textDirection="Inherit"/>

                                    </Column>
                                    <Column width="6rem" hAlign="Left" vAlign="Top" minScreenWidth="Tablet" demandPopin="true" popinDisplay="Inline" mergeDuplicates="false">

                                            <Text text="{i18n>Added_On}" width="auto" maxLines="1" wrapping="false" textAlign="Begin" textDirection="Inherit"/>

                                    </Column>
                                </columns>
                                <items>
                                    <ColumnListItem type="Active">
                                        <cells>
                                            <CheckBox text="" selected="{oApproverModel>APPROVED}"   enabled="{oApproverModel>isAppEnabled}" visible="true" width="auto" />

                                <Input value="{oApproverModel>APPR}" showValueHelp="true" maxLines="2" wrapping="true"  enabled="{oApproverModel>isAppEnabled}" visible="true" width="auto" valueHelpOnly="false" maxLength="0"
valueHelpRequest="onHandleApproverValueHelp"/>
                                            <Text text="{oApproverModel>REVIEWER_TYPE}" width="auto" maxLines="1" wrapping="false" textAlign="Begin" textDirection="Inherit"/>
                                            <Text text="{oApproverModel>APPROVED_BY}" width="auto" maxLines="3" wrapping="true" textAlign="Begin" textDirection="Inherit"/>
                                            <Text text="{oApproverModel>APPROVAL_DT}" width="auto" maxLines="1" wrapping="false" textAlign="Begin" textDirection="Inherit"/>
                                            <Text text="{oApproverModel>APPROVAL_TM}" width="auto" maxLines="1" wrapping="false" textAlign="Begin" textDirection="Inherit"/>
                                            <CheckBox text="" selected="{oApproverModel>MANUAL}" editable="true" enabled="{oApproverModel>isAppEnabled}" visible="true" width="auto" textDirection="Inherit"/>
                                            <Text text="{oApproverModel>ADDED_BY}" width="auto" maxLines="3" wrapping="true" textAlign="Begin" textDirection="Inherit"/>
                                            <Text text="{path:'oApproverModel>CREATION_DT'}" width="auto" maxLines="1" wrapping="false" textAlign="Begin" textDirection="Inherit"/>
                                        </cells>
                                    </ColumnListItem>
                                </items>
                            </Table>
                            <Bar design="Auto">
                                <contentLeft/>
                                <contentMiddle/>
                                <contentRight>
                                    <Button text="{i18n>Refresh}" type="Accept" icon="sap-icon://refresh" iconFirst="true" width="auto" enabled="true" visible="true" iconDensityAware="false" press="onRefresh"/>
                                </contentRight>
                            </Bar>
                            </core:FragmentDefinition>