<core:FragmentDefinition xmlns="sap.m" xmlns:core="sap.ui.core">
		<SelectDialog id="LoBDialogId1" noDataText="No Products Found" title="Select Product" search="handleSearch" confirm="onHandleConfirmLOB" cancel="onHandleClose"
		showClearButton="true" items="{ path: 'uniqueLobModel>/uniqueLobSet', sorter: { path: 'LOB', descending: false } }">
		<StandardListItem id="Lobitem"
			title="{uniqueLobModel>LOB}" 
			description="{uniqueLobModel>SLOB_DESCRIPTION}"
			type="Active"/>
	</SelectDialog>
		 
	<!--<TableSelectDialog id="LoBDialogId1" noDataText="No LOB Found" title="Select Product" search="handleSearch" confirm="onHandleConfirmLOB"-->
	<!--	cancel="onHandleClose"-->
	<!--	items="{ path : 'uniqueLobModel>/uniqueLobSet', sorter : { path : 'LOB', descending : false }, templateShareable:false }">-->
	<!--	<ColumnListItem>-->
	<!--		<cells>-->
	<!--			<Text text="{uniqueLobModel>LOB}"/>-->
	<!--		</cells>-->
	<!--	</ColumnListItem>-->
	<!--	<columns>-->
	<!--		<Column width="12em">-->
	<!--			<header>-->
	<!--				<Text text="LOB"/>-->
	<!--			</header>-->
	<!--		</Column>-->
	<!--	</columns>-->
	<!--</TableSelectDialog>-->
</core:FragmentDefinition>