<core:FragmentDefinition xmlns="sap.m" xmlns:core="sap.ui.core">
	<!--REQ0730972:DPATEL11:FPDK900050:22/12/2021:Enhance Fiori Eforms to showLOB/SubLOB Name with Description:START -->
	<SelectDialog id="sLoBDialogId" noDataText="No SLOB Found" title="Select Product" search="handleSearch" confirm="onHandleConfirmSLOB"
		cancel="onHandleClose" showClearButton="true" items="{ path: 'LobUserSearchModel>/esLob', sorter: { path: 'SLOB', descending: false } }">
		<StandardListItem 
		title="{LobUserSearchModel>SLOB}" 
		description="{LobUserSearchModel>SLOB_DESCRIPTION}" 
		type="Active"/>
	</SelectDialog>
	<!--<TableSelectDialog id="sLoBDialogId" noDataText="No SLOB Found" title="Select Product" search="handleSearch" confirm="onHandleConfirmSLOB"-->
	<!--	cancel="onHandleClose"-->
	<!--	items="{ path : 'LobUserSearchModel>/esLob', sorter : { path : 'SLOB', descending : false }, templateShareable:false }">-->
	<!--	<ColumnListItem>-->
	<!--		<cells>-->
	<!--			<Text text="{LobUserSearchModel>SLOB}"/>-->
	<!--		</cells>-->
	<!--	</ColumnListItem>-->
	<!--	<columns>-->
	<!--		<Column width="12em">-->
	<!--			<header>-->
	<!--				<Text text="SLOB"/>-->
	<!--			</header>-->
	<!--		</Column>-->
	<!--	</columns>-->
	<!--</TableSelectDialog>-->
	<!--REQ0730972:DPATEL11:FPDK900050:22/12/2021:Enhance Fiori Eforms to showLOB/SubLOB Name with Description:END -->
</core:FragmentDefinition>