<core:FragmentDefinition xmlns="sap.m" xmlns:core="sap.ui.core">
	<!--REQ0730972:DPATEL11:FPDK900050:22/12/2021:Enhance Fiori Eforms to showLOB/SubLOB Name with Description:START-->
	<SelectDialog id="UserDialogId1" noDataText="No Products Found" title="Select User" search="handleSearch" confirm="onHandleConfirmUser" cancel="onHandleClose"
		showClearButton="true" items="{ path: 'CardHolderModel>/CARDHOLDERNAMES', sorter: { path: 'UserName', descending: false } }">
		<StandardListItem 
			title="{CardHolderModel>UserId}" 
			description="{CardHolderModel>UserName}" 
			type="Active"/>
	</SelectDialog>
	<!--<TableSelectDialog id="UserDialogId1" noDataText="No User Found" title="Select User" search="handleSearch" confirm="onHandleConfirmUser"-->
	<!--	cancel="onHandleClose"-->
	<!--	items="{ path :'CardHolderModel>/CARDHOLDERNAMES', sorter : { path : 'UserName', descending : false }, templateShareable:false }">-->
	<!--	<ColumnListItem>-->
	<!--		<cells>-->
	<!--			<Text text="{CardHolderModel>UserId}"/>-->
	<!--			<Text text="{CardHolderModel>UserName}"/>-->
	<!--			<Text text="{CardHolderModel>UserNum}" visible="false"/>-->
	<!--			<Text text="{CardHolderModel>UserSupervisor}" visible="false"/>-->
	<!--		</cells>-->
	<!--	</ColumnListItem>-->
	<!--	<columns>-->
	<!--		<Column width="12em">-->
	<!--			<header>-->
	<!--				<Text text="{i18n>User_Id}"/>-->
	<!--			</header>-->
	<!--		</Column>-->
	<!--		<Column width="12em">-->
	<!--			<header>-->
	<!--				<Text text="{i18n>User_Name}"/>-->
	<!--			</header>-->
	<!--		</Column>-->
	<!--		<Column width="12em" visible="false">-->
	<!--			<header>-->
	<!--				<Text text=""/>-->
	<!--			</header>-->
	<!--		</Column>-->
	<!--		<Column width="12em" visible="false">-->
	<!--			<header>-->
	<!--				<Text text=""/>-->
	<!--			</header>-->
	<!--		</Column>-->
	<!--	</columns>-->
	<!--</TableSelectDialog>-->
	<!--REQ0730972:DPATEL11:FPDK900050:22/12/2021:Enhance Fiori Eforms to showLOB/SubLOB Name with Description:END-->
</core:FragmentDefinition>