{
  "Component-dbg.js": 1575352988892,
  "Component-preload.js": 1575352988943,
  "Component.js": 1575352985302,
  "Fragments/Approver_Flow.fragment.xml": 1575352985315,
  "Fragments/Approver_Table.fragment.xml": 1575352985308,
  "Fragments/Comment_Table.fragment.xml": 1575352985314,
  "Fragments/Doc_Typ_Dialog.fragment.xml": 1575352985313,
  "Fragments/LOB_Dialog.fragment.xml": 1575352985309,
  "Fragments/SLOB_Description_Dialog.fragment.xml": 1575352985310,
  "Fragments/SLOB_Dialog.fragment.xml": 1575352985311,
  "Fragments/UserReplace_Dialog.fragment.xml": 1575352985312,
  "Fragments/User_Dialog.fragment.xml": 1575352985310,
  "Fragments/User_Table.fragment.xml": 1575352985314,
  "Fragments/busyDialog.fragment.xml": 1575352985316,
  "Fragments/employee.fragment.xml": 1575352985317,
  "controller/App-dbg.controller.js": 1575352988894,
  "controller/App.controller.js": 1575352985324,
  "controller/BaseController-dbg.js": 1575352988895,
  "controller/BaseController.js": 1575352985323,
  "controller/FinanceMaintagePage-dbg.controller.js": 1575352988897,
  "controller/FinanceMaintagePage.controller.js": 1575352985325,
  "controller/SearchPage-dbg.controller.js": 1575352988898,
  "controller/SearchPage.controller.js": 1575352985326,
  "css/style-dbg.css": 1575352988903,
  "css/style.css": 1575352985322,
  "di.code-validation.core_issues.json": 1575352987990,
  "i18n/i18n.properties": 1575352985307,
  "index.html": 1575352985304,
  "manifest-bundle.zip": 1575352989045,
  "manifest.json": 1575352988115,
  "model/FinanceApproverModel-dbg.js": 1575352988900,
  "model/FinanceApproverModel.js": 1575352985328,
  "model/models-dbg.js": 1575352988902,
  "model/models.js": 1575352985327,
  "neo-app.json": 1575352989014,
  "view/App.view.xml": 1575352985318,
  "view/Dialog1.view.xml": 1575352985318,
  "view/FinanceMaintagePage.view.xml": 1575352985319,
  "view/SearchPage.view.xml": 1575352985321
}