{
    "resources": [
        {
            "name": "Component-dbg.js",
            "isDebug": true
        },
        {
            "name": "Component-preload.js",
            "merged": true
        },
        {
            "name": "Component.js"
        },
        {
            "name": "controller/AdhocCreate-dbg.controller.js",
            "isDebug": true
        },
        {
            "name": "controller/AdhocCreate.controller.js"
        },
        {
            "name": "controller/Dialog13-dbg.controller.js",
            "isDebug": true
        },
        {
            "name": "controller/Dialog13.controller.js"
        },
        {
            "name": "controller/Search-dbg.controller.js",
            "isDebug": true
        },
        {
            "name": "controller/Search.controller.js"
        },
        {
            "name": "controller/utilities-dbg.controller.js",
            "isDebug": true
        },
        {
            "name": "controller/utilities.controller.js"
        },
        {
            "name": "css/style-dbg.css",
            "isDebug": true
        },
        {
            "name": "css/style.css"
        },
        {
            "name": "di.code-validation.core_issues.json"
        },
        {
            "name": "i18n/i18n.properties",
            "raw": "i18n/i18n.properties"
        },
        {
            "name": "i18n/i18n_ja.properties",
            "raw": "i18n/i18n.properties",
            "locale": "_ja"
        },
        {
            "name": "index.html"
        },
        {
            "name": "manifest.json"
        },
        {
            "name": "model/formatter-dbg.js",
            "isDebug": true
        },
        {
            "name": "model/formatter.js"
        },
        {
            "name": "model/models-dbg.js",
            "isDebug": true
        },
        {
            "name": "model/models.js"
        },
        {
            "name": "neo-app.json"
        },
        {
            "name": "tmp/Component-preload.js",
            "merged": true
        },
        {
            "name": "tmp/Component.js"
        },
        {
            "name": "tmp/controller/AdhocCreate.controller.js"
        },
        {
            "name": "tmp/controller/Dialog13.controller.js"
        },
        {
            "name": "tmp/controller/Search.controller.js"
        },
        {
            "name": "tmp/controller/utilities.controller.js"
        },
        {
            "name": "tmp/css/style.css"
        },
        {
            "name": "tmp/i18n/i18n.properties",
            "raw": "i18n/i18n.properties"
        },
        {
            "name": "tmp/i18n/i18n_ja.properties",
            "raw": "i18n/i18n.properties",
            "locale": "_ja"
        },
        {
            "name": "tmp/index.html"
        },
        {
            "name": "tmp/manifest.json"
        },
        {
            "name": "tmp/model/formatter.js"
        },
        {
            "name": "tmp/model/models.js"
        },
        {
            "name": "tmp/view/AdhocCreate.view.xml"
        },
        {
            "name": "tmp/view/Dialog13.view.xml"
        },
        {
            "name": "tmp/view/MessagePopover.fragment.xml"
        },
        {
            "name": "tmp/view/Search.view.xml"
        },
        {
            "name": "tmp-dbg/Component.js"
        },
        {
            "name": "tmp-dbg/controller/AdhocCreate.controller.js"
        },
        {
            "name": "tmp-dbg/controller/Dialog13.controller.js"
        },
        {
            "name": "tmp-dbg/controller/Search.controller.js"
        },
        {
            "name": "tmp-dbg/controller/utilities.controller.js"
        },
        {
            "name": "tmp-dbg/css/style.css"
        },
        {
            "name": "tmp-dbg/model/formatter.js"
        },
        {
            "name": "tmp-dbg/model/models.js"
        },
        {
            "name": "view/AdhocCreate.view.xml"
        },
        {
            "name": "view/Dialog13.view.xml"
        },
        {
            "name": "view/MessagePopover.fragment.xml"
        },
        {
            "name": "view/Search.view.xml"
        }
    ]
}