{
  "Component-dbg.js": 1585658800943,
  "Component-preload.js": 1585658801039,
  "Component.js": 1585658778864,
  "controller/AdhocCreate-dbg.controller.js": 1585658800947,
  "controller/AdhocCreate.controller.js": 1585658778876,
  "controller/Dialog13-dbg.controller.js": 1585658800948,
  "controller/Dialog13.controller.js": 1585658778870,
  "controller/Search-dbg.controller.js": 1585658800950,
  "controller/Search.controller.js": 1585658778872,
  "controller/utilities-dbg.controller.js": 1585658800951,
  "controller/utilities.controller.js": 1585658778871,
  "css/style-dbg.css": 1585658800956,
  "css/style.css": 1585658799366,
  "di.code-validation.core_issues.json": 1585658799160,
  "i18n/i18n.properties": 1585658778878,
  "i18n/i18n_ja.properties": 1585658778880,
  "index.html": 1585658778865,
  "manifest-bundle.zip": 1585658801134,
  "manifest.json": 1585658799346,
  "model/formatter-dbg.js": 1585658800953,
  "model/formatter.js": 1585658778881,
  "model/models-dbg.js": 1585658800955,
  "model/models.js": 1585658778881,
  "neo-app.json": 1585658801097,
  "resources.json": 1585658801105,
  "view/AdhocCreate.view.xml": 1585658778884,
  "view/Dialog13.view.xml": 1585658778885,
  "view/MessagePopover.fragment.xml": 1585658778886,
  "view/Search.view.xml": 1585658778887
}