{
    "resources": [
        {
            "name": "serviceBinding.js"
        },
        {
            "name": "i18n/i18n.properties",
            "raw": "i18n/i18n.properties"
        },
        {
            "name": "model/models.js"
        },
        {
            "name": "controller/SideNavBar.controller.js"
        },
        {
            "name": "controller/SearchPc.controller.js"
        },
        {
            "name": "controller/EditPC.controller.js"
        },
        {
            "name": "controller/CreatePC.controller.js"
        },
        {
            "name": "manifest.json"
        },
        {
            "name": "Component.js"
        },
        {
            "name": "manifest-bundle.zip"
        },
        {
            "name": "Component-preload.js",
            "merged": true
        },
        {
            "name": "serviceBinding-dbg.js",
            "isDebug": true
        },
        {
            "name": "model/models-dbg.js",
            "isDebug": true
        },
        {
            "name": "controller/SideNavBar-dbg.controller.js",
            "isDebug": true
        },
        {
            "name": "controller/SearchPc-dbg.controller.js",
            "isDebug": true
        },
        {
            "name": "controller/EditPC-dbg.controller.js",
            "isDebug": true
        },
        {
            "name": "controller/CreatePC-dbg.controller.js",
            "isDebug": true
        },
        {
            "name": "Component-dbg.js",
            "isDebug": true
        },
        {
            "name": "../../../sap-ui-version.json"
        },
        {
            "name": "neo-app.json"
        },
        {
            "name": "di.code-validation.core_issues.json"
        },
        {
            "name": "view/SideNavBar.view.xml"
        },
        {
            "name": "view/SearchPc.view.xml"
        },
        {
            "name": "view/Home.fragment.xml"
        },
        {
            "name": "view/EditPC.view.xml"
        },
        {
            "name": "view/CreatePC.view.xml"
        },
        {
            "name": "localService/metadata.xml"
        },
        {
            "name": "css/style.css"
        },
        {
            "name": "Fragments/help_Popover.fragment.xml"
        },
        {
            "name": "index.html"
        }
    ]
}