{
  "test/integration/arrangements/Startup-dbg.js": 1604295888000,
  "serviceBinding.js": 1604295886000,
  "test/unit/controller/Home.controller.js": 1604295888000,
  "test/integration/pages/Home.js": 1604295888000,
  "test/integration/arrangements/Startup.js": 1604295888000,
  "test/unit/unitTests.qunit.js": 1604295888000,
  "test/unit/AllTests.js": 1604295888000,
  "test/integration/opaTests.qunit.js": 1604295888000,
  "test/integration/NavigationJourney.js": 1604295888000,
  "test/integration/AllJourneys.js": 1604295888000,
  "test/testsuite.qunit.js": 1604295886000,
  "model/models.js": 1604295886000,
  "controller/SideNavBar.controller.js": 1604295886000,
  "controller/SearchPc.controller.js": 1604295886000,
  "controller/EditPC.controller.js": 1604295886000,
  "controller/CreatePC.controller.js": 1604295886000,
  "manifest.json": 1604303193668,
  "Component.js": 1604295886000,
  "manifest-bundle.zip": 1604303193723,
  "Component-preload.js": 1604303194576,
  "serviceBinding-dbg.js": 1604295886000,
  "test/integration/pages/Home-dbg.js": 1604295888000,
  "i18n/i18n.properties": 1604295886000,
  "test/unit/unitTests.qunit-dbg.js": 1604295888000,
  "test/unit/AllTests-dbg.js": 1604295888000,
  "test/integration/opaTests.qunit-dbg.js": 1604295888000,
  "test/integration/NavigationJourney-dbg.js": 1604295888000,
  "test/integration/AllJourneys-dbg.js": 1604295888000,
  "test/testsuite.qunit-dbg.js": 1604295886000,
  "model/models-dbg.js": 1604295886000,
  "controller/SideNavBar-dbg.controller.js": 1604295886000,
  "controller/SearchPc-dbg.controller.js": 1604295886000,
  "controller/EditPC-dbg.controller.js": 1604295886000,
  "controller/CreatePC-dbg.controller.js": 1604295886000,
  "test/unit/controller/Home-dbg.controller.js": 1604295888000,
  "Component-dbg.js": 1604295886000,
  "neo-app.json": 1604303194802,
  "di.code-validation.core_issues.json": 1604303200091,
  "resources.json": 1604303200205,
  "test/unit/unitTests.qunit.html": 1604295888000,
  "test/integration/opaTests.qunit.html": 1604295888000,
  "view/SideNavBar.view.xml": 1604295886000,
  "view/SearchPc.view.xml": 1604295886000,
  "view/Home.fragment.xml": 1604295886000,
  "view/EditPC.view.xml": 1604295886000,
  "view/CreatePC.view.xml": 1604295886000,
  "test/testsuite.qunit.html": 1604295886000,
  "localService/metadata.xml": 1604295886000,
  "css/style.css": 1604295886000,
  "Fragments/help_Popover.fragment.xml": 1604295886000,
  "index.html": 1604295886000
}