<core:FragmentDefinition xmlns="sap.m" xmlns:core="sap.ui.core">
	<SelectDialog id="sLoBDialogId" noDataText="No SLOB Found" title="Select Product" search="handleSearch" confirm="onHandleConfirmSLOB"
		cancel="onHandleClose" items="{ path : 'LobUserSearchModel>/esLob', sorter : { path : 'SLOB', descending : false }, templateShareable:false }">
		<StandardListItem title="{LobUserSearchModel>SLOB}" description="{LobUserSearchModel>SLOB_DESCRIPTION}" type="Active"/>
	</SelectDialog>
	<!--<TableSelectDialog id="sLoBDialogId" noDataText="No SLOB Found" title="Select Product" search="handleSearch" confirm="onHandleConfirmSLOB"-->
	<!--	cancel="onHandleClose"-->
	<!--	items="{ path : 'LobUserSearchModel>/esLob', sorter : { path : 'SLOB', descending : false }, templateShareable:false }">-->
	<!--	<ColumnListItem>-->
	<!--		<cells>-->
	<!--			<Text text="{LobUserSearchModel>SLOB}"/>-->
	<!--		</cells>-->
	<!--	</ColumnListItem>-->
	<!--	<columns>-->
	<!--		<Column width="12em">-->
	<!--			<header>-->
	<!--				<Text text="SLOB"/>-->
	<!--			</header>-->
	<!--		</Column>-->
	<!--	</columns>-->
	<!--</TableSelectDialog>-->
</core:FragmentDefinition>