<edmx:Edmx xmlns:edmx="http://schemas.microsoft.com/ado/2007/06/edmx"
	xmlns:m="http://schemas.microsoft.com/ado/2007/08/dataservices/metadata" xmlns:sap="http://www.sap.com/Protocols/SAPData" Version="1.0">
	<edmx:DataServices m:DataServiceVersion="2.0">
		<Schema xmlns="http://schemas.microsoft.com/ado/2008/09/edm" Namespace="YFPSFIFRDD0033_MDM_FORM_SRV" xml:lang="en" sap:schema-version="1">
			<EntityType Name="HTka01" sap:content-version="1">
				<Key><PropertyRef Name="Kokrs"/></Key><Property Name="Kokrs" Type="Edm.String" Nullable="false" MaxLength="4" sap:unicode="false" sap:label="CO Area" sap:creatable="false"
					sap:updatable="false" sap:sortable="false" sap:filterable="false"/><Property Name="Bezei" Type="Edm.String" Nullable="false" MaxLength="25" sap:unicode="false" sap:label="Name" sap:creatable="false"
					sap:updatable="false" sap:sortable="false" sap:filterable="false"/><Property Name="Waers" Type="Edm.String" Nullable="false" MaxLength="5" sap:unicode="false" sap:label="Currency" sap:creatable="false"
					sap:updatable="false" sap:sortable="false" sap:filterable="false" sap:semantics="currency-code"/><Property Name="Ktopl" Type="Edm.String" Nullable="false" MaxLength="4" sap:unicode="false" sap:label="Chart of Accts" sap:creatable="false"
					sap:updatable="false" sap:sortable="false" sap:filterable="false"/><Property Name="Lmona" Type="Edm.String" Nullable="false" MaxLength="2" sap:unicode="false" sap:label="Fi.Year Variant"
					sap:creatable="false" sap:updatable="false" sap:sortable="false" sap:filterable="false"/><Property Name="Khinr" Type="Edm.String" Nullable="false" MaxLength="12" sap:unicode="false" sap:label="Std. Hierarchy"
					sap:creatable="false" sap:updatable="false" sap:sortable="false" sap:filterable="false"/></EntityType>
			<EntityContainer Name="YFPSFIFRDD0033_MDM_FORM_SRV_Entities" m:IsDefaultEntityContainer="true" sap:supported-formats="atom json xlsx"><EntitySet Name="HTka01Set" EntityType="YFPSFIFRDD0033_MDM_FORM_SRV.HTka01" sap:creatable="false" sap:updatable="false"
				sap:deletable="false" sap:pageable="false" sap:content-version="1"/></EntityContainer><atom:link xmlns:atom="http://www.w3.org/2005/Atom" rel="self" href="./sap/YFPSFIFRDD0033_MDM_FORM_SRV/$metadata"/><atom:link xmlns:atom="http://www.w3.org/2005/Atom" rel="latest-version" href="./sap/YFPSFIFRDD0033_MDM_FORM_SRV/$metadata"/></Schema>
	</edmx:DataServices>
</edmx:Edmx>