<core:FragmentDefinition xmlns="sap.m" xmlns:core="sap.ui.core">

	<Popover id="helpPopover" title="Help" class="sapUiResponsivePadding--header sapUiResponsivePadding--footer" placement="Bottom"
		initialFocus="email">
		<footer visible="false">
			<OverflowToolbar>
				<ToolbarSpacer/>
				<Button id="close" text="Close" press="handleClosePress"/>
			</OverflowToolbar>
		</footer>
		<HBox class="sapUiSmallMargin">
			<Text
				text="My question is what should I do, I see two options in the XML view)."/>
		</HBox>
		<HBox class="sapUiSmallMargin">
			<Text
				text="My question is what should I do, I see two options:"/>
		</HBox>
	</Popover>
</core:FragmentDefinition>